{
  "threshold": 0.5,
  "accuracy": 0.625,
  "precision": 0.6136363636363636,
  "recall": 0.675,
  "f1_score": 0.6428571428571429,
  "roc_auc": 0.7346874999999999,
  "optimal_threshold": 0.00010710954666137695,
  "confusion_matrix": [
    [
      23,
      17
    ],
    [
      13,
      27
    ]
  ],
  "total_samples": 80,
  "smile_samples": 40,
  "non_smile_samples": 40
}