{
  "train_loss": [
    39.51577777862549,
    28.520032262802125,
    19.11142191886902,
    12.871234220266341,
    8.244176745414734,
    6.661505258083343,
    6.351605653762817,
    3.8350963830947875,
    3.9325108654797076,
    2.1975197538733484,
    2.4861883401870726,
    2.8710322201251985,
    1.5614231832325458,
    0.8793405458331108,
    0.8420305401086807,
    2.405730670178309,
    0.6078153185546398,
    0.15694792456924916,
    0.28160003665834665,
    0.09394956370815635,
    0.03481617821380496,
    0.2054730719421059,
    0.3661009547999129,
    0.03253108295612037,
    0.30544047623407095,
    0.12166934837587177,
    0.11984905566787347,
    0.009340458561200648,
    0.0517712312284857,
    0.011473009106703102
  ],
  "train_head1_loss": [
    39.51577777862549,
    28.520032262802125,
    19.11142191886902,
    12.871234220266341,
    8.244176745414734,
    6.661505258083343,
    6.351605653762817,
    3.8350963830947875,
    3.9325108654797076,
    2.1975197538733484,
    2.4861883401870726,
    2.8710322201251985,
    1.5614231832325458,
    0.8793405458331108,
    0.8420305401086807,
    2.405730670178309,
    0.6078153185546398,
    0.15694792456924916,
    0.28160003665834665,
    0.09394956370815635,
    0.03481617821380496,
    0.2054730719421059,
    0.3661009547999129,
    0.03253108295612037,
    0.30544047623407095,
    0.12166934837587177,
    0.11984905566787347,
    0.009340458561200648,
    0.0517712312284857,
    0.011473009106703102
  ],
  "train_head2_loss": [
    0.0,
    0.0,
    0.0,
    0.0,
    0.0,
    0.0,
    0.0,
    0.0,
    0.0,
    0.0,
    0.0,
    0.0,
    0.0,
    0.0,
    0.0,
    0.0,
    0.0,
    0.0,
    0.0,
    0.0,
    0.0,
    0.0,
    0.0,
    0.0,
    0.0,
    0.0,
    0.0,
    0.0,
    0.0,
    0.0
  ],
  "val_loss": [
    19.30687602361043,
    15.608394235372543,
    13.55302669852972,
    11.645938930412134,
    10.093277936180433,
    8.919604559739431,
    8.299161945780119,
    7.324915297329426,
    5.504527562608321,
    4.9002125939975185,
    3.884681611942748,
    4.074813305089871,
    3.703321189930042,
    2.465566205792129,
    2.2555209319107234,
    2.163898434024304,
    2.6333001209422946,
    1.8768495422943186,
    1.0707400606479496,
    0.8451053819153458,
    1.4309458729500573,
    2.0085893313322836,
    2.1845886781811714,
    1.9610451832025622,
    0.5216579489254703,
    0.33851955966868746,
    1.914493743213825,
    2.3222720228756466,
    2.4184446200573197,
    2.891714642648973
  ],
  "val_head1_loss": [
    19.30687602361043,
    15.608394235372543,
    13.55302669852972,
    11.645938930412134,
    10.093277936180433,
    8.919604559739431,
    8.299161945780119,
    7.324915297329426,
    5.504527562608321,
    4.9002125939975185,
    3.884681611942748,
    4.074813305089871,
    3.703321189930042,
    2.465566205792129,
    2.2555209319107234,
    2.163898434024304,
    2.6333001209422946,
    1.8768495422943186,
    1.0707400606479496,
    0.8451053819153458,
    1.4309458729500573,
    2.0085893313322836,
    2.1845886781811714,
    1.9610451832025622,
    0.5216579489254703,
    0.33851955966868746,
    1.914493743213825,
    2.3222720228756466,
    2.4184446200573197,
    2.891714642648973
  ],
  "val_head2_loss": [
    0.0,
    0.0,
    0.0,
    0.0,
    0.0,
    0.0,
    0.0,
    0.0,
    0.0,
    0.0,
    0.0,
    0.0,
    0.0,
    0.0,
    0.0,
    0.0,
    0.0,
    0.0,
    0.0,
    0.0,
    0.0,
    0.0,
    0.0,
    0.0,
    0.0,
    0.0,
    0.0,
    0.0,
    0.0,
    0.0
  ],
  "learning_rate": [
    0.0001,
    0.0001,
    0.0001,
    0.0001,
    0.0001,
    0.0001,
    0.0001,
    0.0001,
    0.0001,
    0.0001,
    0.0001,
    0.0001,
    0.0001,
    0.0001,
    0.0001,
    0.0001,
    0.0001,
    0.0001,
    0.0001,
    0.0001,
    0.0001,
    0.0001,
    0.0001,
    0.0001,
    0.0001,
    0.0001,
    0.0001,
    0.0001,
    0.0001,
    0.0001
  ]
}