{
  "train_loss": [
    2.7479685184567475,
    2.7465147306752757,
    2.7337290575337962,
    2.696161990941957,
    2.5365789962369343,
    2.2419828467590865,
    2.0740593616352525,
    1.6701985514441202,
    1.3501545738342196,
    1.220857026965119
  ],
  "train_head1_loss": [
    2.7479685184567475,
    2.7465147306752757,
    2.7337290575337962,
    2.696161990941957,
    2.5365789962369343,
    2.2419828467590865,
    2.0740593616352525,
    1.6701985514441202,
    1.3501545738342196,
    1.220857026965119
  ],
  "train_head2_loss": [
    0.0,
    0.0,
    0.0,
    0.0,
    0.0,
    0.0,
    0.0,
    0.0,
    0.0,
    0.0
  ],
  "val_loss": [
    2.671098327636719,
    2.660603666305542,
    2.6402611255645754,
    2.549615573883057,
    2.284683108329773,
    1.7753930330276488,
    1.4506258964538574,
    1.0177085757255555,
    0.34869142174720763,
    0.13261184096336365
  ],
  "val_head1_loss": [
    2.671098327636719,
    2.660603666305542,
    2.6402611255645754,
    2.549615573883057,
    2.284683108329773,
    1.7753930330276488,
    1.4506258964538574,
    1.0177085757255555,
    0.34869142174720763,
    0.13261184096336365
  ],
  "val_head2_loss": [
    0.0,
    0.0,
    0.0,
    0.0,
    0.0,
    0.0,
    0.0,
    0.0,
    0.0,
    0.0
  ],
  "learning_rate": [
    5e-05,
    5e-05,
    5e-05,
    5e-05,
    5e-05,
    5e-05,
    5e-05,
    5e-05,
    5e-05,
    5e-05
  ]
}