{
  "train_loss": [
    2.75172168709511,
    2.7476154538088067,
    2.740908800169479,
    2.7199615101481593,
    2.668305571689162,
    2.4877376057380856,
    2.208775735178659,
    1.9997097919153612,
    1.7022488117218018,
    0.9917644134094549,
    1.6540166943572288,
    0.8934245107825413,
    0.7554450319256893,
    2.3192505170266298,
    1.0809209861597695,
    1.2250551323644643,
    2.1518032388696664,
    1.5822947779345478,
    2.135805964036736,
    1.1396088049324706,
    1.8840975273525082,
    0.7811376168419671,
    0.9781660917973103,
    0.9823619711976281,
    0.07389233734588636,
    1.3721204771021338,
    0.704400866820347,
    0.8363644284558981,
    1.0148342579297267,
    1.1613579005650028,
    0.8122099012682664,
    2.088785542523743,
    0.8270967839012291,
    1.9342031618160584,
    1.34687208348674,
    1.1609129864183731,
    0.7203549773399827,
    1.5537153814112508,
    1.0700317758770368,
    1.048207395498033,
    0.5072413494733979,
    1.3121508905707404,
    1.196041270333808,
    0.8487977407761677,
    1.332709360995491,
    0.807969151807578,
    0.5376534871760414,
    0.7650333111207231,
    0.007169588763052922,
    0.7078676420579689
  ],
  "train_head1_loss": [
    2.75172168709511,
    2.7476154538088067,
    2.740908800169479,
    2.7199615101481593,
    2.668305571689162,
    2.4877376057380856,
    2.208775735178659,
    1.9997097919153612,
    1.7022488117218018,
    0.9917644134094549,
    1.6540166943572288,
    0.8934245107825413,
    0.7554450319256893,
    2.3192505170266298,
    1.0809209861597695,
    1.2250551323644643,
    2.1518032388696664,
    1.5822947779345478,
    2.135805964036736,
    1.1396088049324706,
    1.8840975273525082,
    0.7811376168419671,
    0.9781660917973103,
    0.9823619711976281,
    0.07389233734588636,
    1.3721204771021338,
    0.704400866820347,
    0.8363644284558981,
    1.0148342579297267,
    1.1613579005650028,
    0.8122099012682664,
    2.088785542523743,
    0.8270967839012291,
    1.9342031618160584,
    1.34687208348674,
    1.1609129864183731,
    0.7203549773399827,
    1.5537153814112508,
    1.0700317758770368,
    1.048207395498033,
    0.5072413494733979,
    1.3121508905707404,
    1.196041270333808,
    0.8487977407761677,
    1.332709360995491,
    0.807969151807578,
    0.5376534871760414,
    0.7650333111207231,
    0.007169588763052922,
    0.7078676420579689
  ],
  "train_head2_loss": [
    0.0,
    0.0,
    0.0,
    0.0,
    0.0,
    0.0,
    0.0,
    0.0,
    0.0,
    0.0,
    0.0,
    0.0,
    0.0,
    0.0,
    0.0,
    0.0,
    0.0,
    0.0,
    0.0,
    0.0,
    0.0,
    0.0,
    0.0,
    0.0,
    0.0,
    0.0,
    0.0,
    0.0,
    0.0,
    0.0,
    0.0,
    0.0,
    0.0,
    0.0,
    0.0,
    0.0,
    0.0,
    0.0,
    0.0,
    0.0,
    0.0,
    0.0,
    0.0,
    0.0,
    0.0,
    0.0,
    0.0,
    0.0,
    0.0,
    0.0
  ],
  "val_loss": [
    2.6730072498321533,
    2.670752000808716,
    2.6509612560272218,
    2.611236047744751,
    2.447589612007141,
    2.0372182607650755,
    1.8436310052871705,
    1.3147563457489013,
    0.8270134925842285,
    0.3197085589170456,
    1.2119142800569533,
    0.09462933987379074,
    0.04572450816631317,
    0.029242391139268874,
    0.01939072795212269,
    0.013313869573175907,
    0.010142881982028484,
    1.1552115806378425,
    0.007079800870269537,
    0.0055847084149718285,
    0.004605394927784801,
    0.0036290169693529604,
    0.002978873485699296,
    0.0026830789167433975,
    0.0022808781825006006,
    0.002054209215566516,
    0.001783650927245617,
    0.0015274835983291267,
    0.0013812717283144594,
    0.0012564149335958063,
    0.0010967251029796899,
    0.001078230596613139,
    0.0009520043502561748,
    0.00089462447213009,
    0.0008097864920273423,
    0.0007571969064883888,
    0.0007330520311370492,
    0.0228824959252961,
    0.000978943461086601,
    0.0006280826055444777,
    0.0005612994893454016,
    0.0005244888598099351,
    0.0005386502190958709,
    0.0004911237512715161,
    0.0005787749832961708,
    0.0004557758220471442,
    0.00042481960845179855,
    0.00043105478980578484,
    0.00037248162552714346,
    0.00033583039767108857
  ],
  "val_head1_loss": [
    2.6730072498321533,
    2.670752000808716,
    2.6509612560272218,
    2.611236047744751,
    2.447589612007141,
    2.0372182607650755,
    1.8436310052871705,
    1.3147563457489013,
    0.8270134925842285,
    0.3197085589170456,
    1.2119142800569533,
    0.09462933987379074,
    0.04572450816631317,
    0.029242391139268874,
    0.01939072795212269,
    0.013313869573175907,
    0.010142881982028484,
    1.1552115806378425,
    0.007079800870269537,
    0.0055847084149718285,
    0.004605394927784801,
    0.0036290169693529604,
    0.002978873485699296,
    0.0026830789167433975,
    0.0022808781825006006,
    0.002054209215566516,
    0.001783650927245617,
    0.0015274835983291267,
    0.0013812717283144594,
    0.0012564149335958063,
    0.0010967251029796899,
    0.001078230596613139,
    0.0009520043502561748,
    0.00089462447213009,
    0.0008097864920273423,
    0.0007571969064883888,
    0.0007330520311370492,
    0.0228824959252961,
    0.000978943461086601,
    0.0006280826055444777,
    0.0005612994893454016,
    0.0005244888598099351,
    0.0005386502190958709,
    0.0004911237512715161,
    0.0005787749832961708,
    0.0004557758220471442,
    0.00042481960845179855,
    0.00043105478980578484,
    0.00037248162552714346,
    0.00033583039767108857
  ],
  "val_head2_loss": [
    0.0,
    0.0,
    0.0,
    0.0,
    0.0,
    0.0,
    0.0,
    0.0,
    0.0,
    0.0,
    0.0,
    0.0,
    0.0,
    0.0,
    0.0,
    0.0,
    0.0,
    0.0,
    0.0,
    0.0,
    0.0,
    0.0,
    0.0,
    0.0,
    0.0,
    0.0,
    0.0,
    0.0,
    0.0,
    0.0,
    0.0,
    0.0,
    0.0,
    0.0,
    0.0,
    0.0,
    0.0,
    0.0,
    0.0,
    0.0,
    0.0,
    0.0,
    0.0,
    0.0,
    0.0,
    0.0,
    0.0,
    0.0,
    0.0,
    0.0
  ],
  "learning_rate": [
    5e-05,
    5e-05,
    5e-05,
    5e-05,
    5e-05,
    5e-05,
    5e-05,
    5e-05,
    5e-05,
    5e-05,
    5e-05,
    5e-05,
    5e-05,
    5e-05,
    5e-05,
    5e-05,
    5e-05,
    5e-05,
    5e-05,
    5e-05,
    5e-05,
    5e-05,
    5e-05,
    5e-05,
    5e-05,
    5e-05,
    5e-05,
    5e-05,
    5e-05,
    5e-05,
    5e-05,
    5e-05,
    5e-05,
    5e-05,
    5e-05,
    5e-05,
    5e-05,
    5e-05,
    5e-05,
    5e-05,
    5e-05,
    5e-05,
    5e-05,
    5e-05,
    5e-05,
    5e-05,
    5e-05,
    5e-05,
    5e-05,
    5e-05
  ]
}