{
  "threshold": 0.5,
  "accuracy": 0.65,
  "precision": 0.6875,
  "recall": 0.55,
  "f1_score": 0.6111111111111112,
  "roc_auc": 0.7324999999999999,
  "optimal_threshold": 0.0003502368927001953,
  "confusion_matrix": [
    [
      30,
      10
    ],
    [
      18,
      22
    ]
  ],
  "total_samples": 80,
  "smile_samples": 40,
  "non_smile_samples": 40
}