{
  "train_loss": [
    2.75476784484331,
    2.743360707926196,
    2.744984177655952,
    2.7270764694657434,
    2.666174844253895,
    2.548093002895976,
    2.326132289198942,
    2.1692458280297213,
    1.9582875634348669,
    1.8437821982904923
  ],
  "train_head1_loss": [
    2.75476784484331,
    2.743360707926196,
    2.744984177655952,
    2.7270764694657434,
    2.666174844253895,
    2.548093002895976,
    2.326132289198942,
    2.1692458280297213,
    1.9582875634348669,
    1.8437821982904923
  ],
  "train_head2_loss": [
    0.0,
    0.0,
    0.0,
    0.0,
    0.0,
    0.0,
    0.0,
    0.0,
    0.0,
    0.0
  ],
  "val_loss": [
    2.684172010421753,
    2.669904899597168,
    2.652098512649536,
    2.60724515914917,
    2.4741419076919557,
    2.1628804206848145,
    1.8523847579956054,
    1.6936789512634278,
    1.7834436416625976,
    1.7746507406234742
  ],
  "val_head1_loss": [
    2.684172010421753,
    2.669904899597168,
    2.652098512649536,
    2.60724515914917,
    2.4741419076919557,
    2.1628804206848145,
    1.8523847579956054,
    1.6936789512634278,
    1.7834436416625976,
    1.7746507406234742
  ],
  "val_head2_loss": [
    0.0,
    0.0,
    0.0,
    0.0,
    0.0,
    0.0,
    0.0,
    0.0,
    0.0,
    0.0
  ],
  "learning_rate": [
    5e-05,
    5e-05,
    5e-05,
    5e-05,
    5e-05,
    5e-05,
    5e-05,
    5e-05,
    5e-05,
    5e-05
  ]
}