{
  "train_loss": [
    35.6639705657959,
    23.011664581298827,
    19.3242627620697,
    13.0908118724823,
    10.026519531011582,
    6.910511612892151,
    7.5337748527526855,
    4.107246911525726,
    3.3531180560588836,
    3.454286640882492
  ],
  "train_head1_loss": [
    35.6639705657959,
    23.011664581298827,
    19.3242627620697,
    13.0908118724823,
    10.026519531011582,
    6.910511612892151,
    7.5337748527526855,
    4.107246911525726,
    3.3531180560588836,
    3.454286640882492
  ],
  "train_head2_loss": [
    0.0,
    0.0,
    0.0,
    0.0,
    0.0,
    0.0,
    0.0,
    0.0,
    0.0,
    0.0
  ],
  "val_loss": [
    19.12213158607483,
    16.758543074131012,
    15.057400599122047,
    11.981675648440918,
    9.265108205378056,
    7.750443052500486,
    6.605991130073865,
    6.119551705817382,
    5.373420516649882,
    5.149098586911957
  ],
  "val_head1_loss": [
    19.12213158607483,
    16.758543074131012,
    15.057400599122047,
    11.981675648440918,
    9.265108205378056,
    7.750443052500486,
    6.605991130073865,
    6.119551705817382,
    5.373420516649882,
    5.149098586911957
  ],
  "val_head2_loss": [
    0.0,
    0.0,
    0.0,
    0.0,
    0.0,
    0.0,
    0.0,
    0.0,
    0.0,
    0.0
  ],
  "learning_rate": [
    0.0001,
    0.0001,
    0.0001,
    0.0001,
    0.0001,
    0.0001,
    0.0001,
    0.0001,
    0.0001,
    0.0001
  ]
}