{
  "train_loss": [
    2.741060636764349,
    2.739857920380526,
    2.742899323618689,
    2.7313337326049805,
    2.6871524522470875,
    2.5673547040584475,
    2.257013803304628,
    1.7834739990012591,
    1.1371679396130319,
    0.9435390344885892,
    0.9757959331537402,
    1.0414149712684542,
    0.48140888617828836,
    1.102156859779254,
    1.3540676418302018,
    1.3777610250900305,
    0.9302029376741239,
    0.9232657293756601,
    0.937845109316228,
    0.8508611663223006,
    0.8353018478631193,
    0.8085682288646091,
    0.750629017800959,
    0.43541681524474435,
    2.1972173834842263,
    0.6014473848951829,
    1.6163480393913423,
    1.526595105232974,
    1.930910414689881,
    0.6944988419086575
  ],
  "train_head1_loss": [
    2.741060636764349,
    2.739857920380526,
    2.742899323618689,
    2.7313337326049805,
    2.6871524522470875,
    2.5673547040584475,
    2.257013803304628,
    1.7834739990012591,
    1.1371679396130319,
    0.9435390344885892,
    0.9757959331537402,
    1.0414149712684542,
    0.48140888617828836,
    1.102156859779254,
    1.3540676418302018,
    1.3777610250900305,
    0.9302029376741239,
    0.9232657293756601,
    0.937845109316228,
    0.8508611663223006,
    0.8353018478631193,
    0.8085682288646091,
    0.750629017800959,
    0.43541681524474435,
    2.1972173834842263,
    0.6014473848951829,
    1.6163480393913423,
    1.526595105232974,
    1.930910414689881,
    0.6944988419086575
  ],
  "train_head2_loss": [
    0.0,
    0.0,
    0.0,
    0.0,
    0.0,
    0.0,
    0.0,
    0.0,
    0.0,
    0.0,
    0.0,
    0.0,
    0.0,
    0.0,
    0.0,
    0.0,
    0.0,
    0.0,
    0.0,
    0.0,
    0.0,
    0.0,
    0.0,
    0.0,
    0.0,
    0.0,
    0.0,
    0.0,
    0.0,
    0.0
  ],
  "val_loss": [
    2.6441182136535644,
    2.634337377548218,
    2.6310229778289793,
    2.612238883972168,
    2.5085243225097655,
    2.24304358959198,
    1.5178032636642456,
    0.8675312280654908,
    0.37610549926757814,
    0.17527373433113097,
    0.07644878253340721,
    0.04098316505551338,
    0.025545739009976386,
    0.018140993639826776,
    0.012735376879572869,
    0.008964570239186287,
    0.006637446209788322,
    0.005002067051827907,
    0.004286444978788495,
    0.0036497450899332763,
    0.0029318573884665965,
    0.002421998418867588,
    0.0021023997338488697,
    0.0018205372150987386,
    0.0016055831220000982,
    0.0015567678259685636,
    0.0014568552607670427,
    0.001331879454664886,
    0.0012818468967452645,
    0.0011278959224000572
  ],
  "val_head1_loss": [
    2.6441182136535644,
    2.634337377548218,
    2.6310229778289793,
    2.612238883972168,
    2.5085243225097655,
    2.24304358959198,
    1.5178032636642456,
    0.8675312280654908,
    0.37610549926757814,
    0.17527373433113097,
    0.07644878253340721,
    0.04098316505551338,
    0.025545739009976386,
    0.018140993639826776,
    0.012735376879572869,
    0.008964570239186287,
    0.006637446209788322,
    0.005002067051827907,
    0.004286444978788495,
    0.0036497450899332763,
    0.0029318573884665965,
    0.002421998418867588,
    0.0021023997338488697,
    0.0018205372150987386,
    0.0016055831220000982,
    0.0015567678259685636,
    0.0014568552607670427,
    0.001331879454664886,
    0.0012818468967452645,
    0.0011278959224000572
  ],
  "val_head2_loss": [
    0.0,
    0.0,
    0.0,
    0.0,
    0.0,
    0.0,
    0.0,
    0.0,
    0.0,
    0.0,
    0.0,
    0.0,
    0.0,
    0.0,
    0.0,
    0.0,
    0.0,
    0.0,
    0.0,
    0.0,
    0.0,
    0.0,
    0.0,
    0.0,
    0.0,
    0.0,
    0.0,
    0.0,
    0.0,
    0.0
  ],
  "learning_rate": [
    5e-05,
    5e-05,
    5e-05,
    5e-05,
    5e-05,
    5e-05,
    5e-05,
    5e-05,
    5e-05,
    5e-05,
    5e-05,
    5e-05,
    5e-05,
    5e-05,
    5e-05,
    5e-05,
    5e-05,
    5e-05,
    5e-05,
    5e-05,
    5e-05,
    5e-05,
    5e-05,
    5e-05,
    5e-05,
    5e-05,
    5e-05,
    5e-05,
    5e-05,
    5e-05
  ]
}