{
  "train_loss": [
    2.738324281781219,
    2.7399612415668577,
    2.7330528719480647,
    2.722751162772955,
    2.685064961743909,
    2.4943801109180894,
    2.211798997812493
  ],
  "train_head1_loss": [
    2.738324281781219,
    2.7399612415668577,
    2.7330528719480647,
    2.722751162772955,
    2.685064961743909,
    2.4943801109180894,
    2.211798997812493
  ],
  "train_head2_loss": [
    0.0,
    0.0,
    0.0,
    0.0,
    0.0,
    0.0,
    0.0
  ],
  "val_loss": [
    2.5884683609008787,
    2.5823309898376463,
    2.5771231651306152,
    2.555518388748169,
    2.451243448257446,
    2.1695534944534303,
    1.5744659423828125
  ],
  "val_head1_loss": [
    2.5884683609008787,
    2.5823309898376463,
    2.5771231651306152,
    2.555518388748169,
    2.451243448257446,
    2.1695534944534303,
    1.5744659423828125
  ],
  "val_head2_loss": [
    0.0,
    0.0,
    0.0,
    0.0,
    0.0,
    0.0,
    0.0
  ],
  "learning_rate": [
    5e-05,
    5e-05,
    5e-05,
    5e-05,
    5e-05,
    5e-05,
    5e-05
  ]
}