{
  "train_loss": [
    2.1023057825899354,
    1.8394778917377121,
    1.7021778689490423,
    1.6496807986411495,
    1.584888497873205,
    1.5706937076388925,
    1.5080377528632896,
    1.490216194258796,
    1.464028993896816,
    1.4575057961514606,
    1.4208851355285461,
    1.4434939742088317,
    1.4114435447011018,
    1.4142934479575227,
    1.4032776104655242,
    1.3984748721698632,
    1.369795190308981,
    1.3630116200101547,
    1.3639306457722244,
    1.3722153026700596,
    1.375613308240826,
    1.352238604699932,
    1.3538287649408054,
    1.347872453092953,
    1.3496717442636905,
    1.3284685792554405,
    1.34375371541378,
    1.3233992858785362,
    1.3417013194250025,
    1.3269860520454997
  ],
  "train_head1_loss": [
    0.4056406693350672,
    0.2652232421928905,
    0.20626533312396694,
    0.1917556253798501,
    0.15848459175527654,
    0.1655098357820934,
    0.12774416086038284,
    0.12394312015535786,
    0.10719282115088269,
    0.12060446209985547,
    0.09125179403768631,
    0.12456861805863362,
    0.09683626975960687,
    0.10834461692937436,
    0.10595911597951203,
    0.10539471324231264,
    0.08654160740619561,
    0.08154597511905916,
    0.0877110847656348,
    0.09816811131926438,
    0.10208483920426871,
    0.0902885630848635,
    0.09126396003907515,
    0.08856264462865225,
    0.09402655997744809,
    0.07589180933960996,
    0.09535517987491027,
    0.07492692572566778,
    0.0929188872891118,
    0.08398558947219084
  ],
  "train_head2_loss": [
    1.6966651128685992,
    1.5742546508853563,
    1.4959125357549548,
    1.4579251745472783,
    1.4264039037308256,
    1.4051838738906786,
    1.3802935907806175,
    1.3662730726066994,
    1.3568361707931555,
    1.3369013364764228,
    1.329633340973785,
    1.3189253581318878,
    1.314607274244373,
    1.305948829650879,
    1.2973184936288473,
    1.2930801598922066,
    1.2832535811668433,
    1.2814656440762506,
    1.276219560097957,
    1.274047188827957,
    1.2735284697030478,
    1.2619500441827636,
    1.2625648040702377,
    1.2593098076645304,
    1.2556451821672743,
    1.252576766728203,
    1.2483985376818745,
    1.2484723611154418,
    1.2487824325976165,
    1.2430004636446634
  ],
  "val_loss": [
    1.4955733068585395,
    1.445956950843334,
    1.345682193413377,
    1.3307638278901577,
    1.2950391531586647,
    1.2569894372299313,
    1.2361787055879832,
    1.2587029034346342,
    1.2308698742091655,
    1.2372803686857223,
    1.2344755267575382,
    1.232054989747703,
    1.2520392897129058,
    1.2040670827813447,
    1.2230912845879793,
    1.2216508001089097,
    1.2250046412944793,
    1.2384798779571429,
    1.196190828025341,
    1.2003523083953187,
    1.20894966750592,
    1.1907054337207228,
    1.2381557766199112,
    1.1995390535891055,
    1.1893358588181435,
    1.2156219049468637,
    1.2026130670830608,
    1.1822058302760123,
    1.2135858877631835,
    1.2075427986280993
  ],
  "val_head1_loss": [
    0.034585194885730745,
    0.034039210736751556,
    0.02854500974714756,
    0.03695822581648826,
    0.030259146988391876,
    0.03403730524331331,
    0.029788926735520364,
    0.045101800367236135,
    0.03262796851992607,
    0.04363763606548309,
    0.04522910875827074,
    0.04115426152199507,
    0.07043022894859315,
    0.03829384746029973,
    0.04310395939648151,
    0.039101637721061705,
    0.055204952955245974,
    0.04974778033141047,
    0.04139774340391159,
    0.05042141545098275,
    0.048681452326476575,
    0.04980377494730055,
    0.05240628135204315,
    0.05019260779023171,
    0.045890549417585136,
    0.04441316995769739,
    0.04440747230499983,
    0.042970699965953825,
    0.04605939314095303,
    0.04902710079122335
  ],
  "val_head2_loss": [
    1.4609881119728088,
    1.4119177401065826,
    1.3171371836662293,
    1.2938056020736695,
    1.2647800061702728,
    1.2229521319866181,
    1.2063897788524627,
    1.213601103067398,
    1.1982419056892395,
    1.1936427326202392,
    1.1892464179992677,
    1.190900728225708,
    1.1816090607643128,
    1.1657732353210448,
    1.1799873251914978,
    1.182549162387848,
    1.1697996883392334,
    1.1887320976257325,
    1.1547930846214294,
    1.149930892944336,
    1.1602682151794435,
    1.1409016587734222,
    1.185749495267868,
    1.1493464457988738,
    1.1434453094005586,
    1.1712087349891662,
    1.158205594778061,
    1.1392351303100585,
    1.1675264946222306,
    1.158515697836876
  ],
  "learning_rate": [
    0.001,
    0.001,
    0.001,
    0.001,
    0.001,
    0.001,
    0.001,
    0.001,
    0.001,
    0.001,
    0.001,
    0.001,
    0.001,
    0.001,
    0.001,
    0.001,
    0.001,
    0.001,
    0.001,
    0.001,
    0.001,
    0.001,
    0.001,
    0.001,
    0.001,
    0.001,
    0.001,
    0.001,
    0.001,
    0.001
  ]
}